{"results":[{"columns":[{"name":"CARID","type":"VARCHAR2"},{"name":"CARNAME","type":"VARCHAR2"},{"name":"VENDOR","type":"VARCHAR2"},{"name":"PRICE","type":"NUMBER"}],"items":
[
{"carid":"1","carname":"Mirage","vendor":"Mitsubishi","price":24500}
,{"carid":"2","carname":"Daytona","vendor":"Dodge","price":43600}
,{"carid":"3","carname":"Pathfinder","vendor":"Nissan","price":18700}
,{"carid":"4","carname":"4Runner","vendor":"Toyota","price":46800}
,{"carid":"5","carname":"300ZX","vendor":"Nissan","price":31000}
,{"carid":"6","carname":"Jimmy","vendor":"GMC","price":34400}
,{"carid":"7","carname":"Panamera","vendor":"Porsche","price":14700}
,{"carid":"8","carname":"Freelander","vendor":"Land Rover","price":43100}
,{"carid":"9","carname":"Sidekick","vendor":"Suzuki","price":42500}
,{"carid":"10","carname":"Roadster","vendor":"Tesla","price":38300}
,{"carid":"11","carname":"Impreza","vendor":"Subaru","price":33900}
,{"carid":"12","carname":"G-Series G30","vendor":"Chevrolet","price":19800}
,{"carid":"13","carname":"ZDX","vendor":"Acura","price":32000}
,{"carid":"14","carname":"CLK-Class","vendor":"Mercedes-Benz","price":23200}
,{"carid":"15","carname":"Ram 1500","vendor":"Dodge","price":48100}
,{"carid":"16","carname":"Ranger","vendor":"Ford","price":35200}
,{"carid":"17","carname":"Explorer","vendor":"Ford","price":12100}
,{"carid":"18","carname":"Thunderbird","vendor":"Ford","price":35300}
,{"carid":"19","carname":"Summit","vendor":"Eagle","price":38400}
,{"carid":"20","carname":"LHS","vendor":"Chrysler","price":44800}
,{"carid":"21","carname":"Express 1500","vendor":"Chevrolet","price":49500}
,{"carid":"22","carname":"Space","vendor":"Mitsubishi","price":38800}
,{"carid":"23","carname":"Edge","vendor":"Ford","price":13900}
,{"carid":"24","carname":"Bonneville","vendor":"Pontiac","price":34000}
,{"carid":"25","carname":"Diamante","vendor":"Mitsubishi","price":49200}
,{"carid":"26","carname":"Bronco II","vendor":"Ford","price":22500}
,{"carid":"27","carname":"SC","vendor":"Lexus","price":26900}
,{"carid":"28","carname":"RSX","vendor":"Acura","price":46800}
,{"carid":"29","carname":"Z4","vendor":"BMW","price":27500}
,{"carid":"30","carname":"H3","vendor":"Hummer","price":23200}
]}]}