{"results":[{"columns":[{"name":"CUSID","type":"VARCHAR2"},{"name":"CUSNAME","type":"VARCHAR2"},{"name":"CUSGENDER","type":"VARCHAR2"},{"name":"CUSBIRTH","type":"DATE"},{"name":"CUSPHONE","type":"VARCHAR2"},{"name":"CUSADDRESS","type":"VARCHAR2"}],"items":
[
{"cusid":"1","cusname":"Selene Grieves","cusgender":"Female","cusbirth":"26-APR-92","cusphone":"8203058328","cusaddress":"03097 Blue Bill Park Court"}
,{"cusid":"2","cusname":"Kasey Haibel","cusgender":"Female","cusbirth":"05-NOV-96","cusphone":"4014337973","cusaddress":"51165 Paget Plaza"}
,{"cusid":"3","cusname":"Shaughn Guille","cusgender":"Male","cusbirth":"17-AUG-95","cusphone":"5633153005","cusaddress":"8 Anderson Trail"}
,{"cusid":"4","cusname":"Nikoletta Sponder","cusgender":"Female","cusbirth":"24-SEP-95","cusphone":"8581804749","cusaddress":"24523 Jenifer Plaza"}
,{"cusid":"5","cusname":"Garrott McCawley","cusgender":"Male","cusbirth":"06-OCT-94","cusphone":"2615108932","cusaddress":"078 Charing Cross Court"}
,{"cusid":"6","cusname":"Rora Shildrick","cusgender":"Female","cusbirth":"02-OCT-94","cusphone":"3928867505","cusaddress":"33 Village Green Street"}
,{"cusid":"7","cusname":"Adena Prater","cusgender":"Female","cusbirth":"10-DEC-90","cusphone":"8302298731","cusaddress":"2 Clemons Center"}
,{"cusid":"8","cusname":"Nolan Van Waadenburg","cusgender":"Male","cusbirth":"02-MAY-95","cusphone":"2816431723","cusaddress":"44177 Pond Circle"}
,{"cusid":"9","cusname":"Brady Rudyard","cusgender":"Male","cusbirth":"06-MAY-97","cusphone":"1923237498","cusaddress":"23914 Coolidge Street"}
,{"cusid":"10","cusname":"Levin Neljes","cusgender":"Male","cusbirth":"30-JUL-94","cusphone":"6747213865","cusaddress":"3841 Reinke Avenue"}
,{"cusid":"11","cusname":"Chev Noods","cusgender":"Male","cusbirth":"28-JAN-97","cusphone":"3222862143","cusaddress":"1581 Fairview Alley"}
,{"cusid":"12","cusname":"Tanhya Andreou","cusgender":"Female","cusbirth":"02-MAR-95","cusphone":"2185780404","cusaddress":"22093 Susan Hill"}
,{"cusid":"13","cusname":"Sibbie Gipp","cusgender":"Female","cusbirth":"02-AUG-96","cusphone":"9905483628","cusaddress":"801 Blackbird Court"}
,{"cusid":"14","cusname":"Fanny Cadalleder","cusgender":"Female","cusbirth":"03-NOV-92","cusphone":"7878779813","cusaddress":"92 Marcy Point"}
,{"cusid":"15","cusname":"Milka Hume","cusgender":"Female","cusbirth":"21-JUN-94","cusphone":"6156016685","cusaddress":"1 Maple Wood Hill"}
,{"cusid":"16","cusname":"Marion Stebbins","cusgender":"Male","cusbirth":"01-DEC-90","cusphone":"8419336281","cusaddress":"260 Homewood Terrace"}
,{"cusid":"17","cusname":"Jan Thring","cusgender":"Male","cusbirth":"18-AUG-95","cusphone":"6562933564","cusaddress":"251 Scott Place"}
,{"cusid":"18","cusname":"Ailene Meneghelli","cusgender":"Female","cusbirth":"22-OCT-94","cusphone":"5206259812","cusaddress":"288 Onsgard Street"}
,{"cusid":"19","cusname":"Gisele Choppin","cusgender":"Female","cusbirth":"22-APR-01","cusphone":"7538553445","cusaddress":"32065 Hoard Terrace"}
,{"cusid":"20","cusname":"Josephine McWhin","cusgender":"Female","cusbirth":"10-MAR-93","cusphone":"4337299430","cusaddress":"702 Reindahl Park"}
,{"cusid":"21","cusname":"Alisha Hiskey","cusgender":"Female","cusbirth":"18-APR-95","cusphone":"5656540131","cusaddress":"6 Lunder Way"}
,{"cusid":"22","cusname":"Olwen Doyley","cusgender":"Female","cusbirth":"17-JUL-96","cusphone":"9034309836","cusaddress":"72 Petterle Street"}
,{"cusid":"23","cusname":"Aleksandr McNutt","cusgender":"Male","cusbirth":"05-JUN-00","cusphone":"2138878478","cusaddress":"228 Namekagon Place"}
,{"cusid":"24","cusname":"Spense Redsull","cusgender":"Male","cusbirth":"05-JUL-00","cusphone":"2227526960","cusaddress":"774 Lakewood Drive"}
,{"cusid":"25","cusname":"Lizzie Bolin","cusgender":"Female","cusbirth":"18-AUG-92","cusphone":"4602535405","cusaddress":"26580 Myrtle Way"}
,{"cusid":"26","cusname":"Maryanne Swendell","cusgender":"Female","cusbirth":"14-OCT-97","cusphone":"6521963290","cusaddress":"72209 Spohn Junction"}
,{"cusid":"27","cusname":"Alvera Frankiss","cusgender":"Female","cusbirth":"21-AUG-98","cusphone":"5048465933","cusaddress":"3935 Maywood Park"}
,{"cusid":"28","cusname":"Nerty Engel","cusgender":"Female","cusbirth":"05-FEB-94","cusphone":"1915747153","cusaddress":"343 Johnson Point"}
,{"cusid":"29","cusname":"Morten Basnett","cusgender":"Male","cusbirth":"30-SEP-91","cusphone":"5416638577","cusaddress":"7544 Dwight Alley"}
,{"cusid":"30","cusname":"Padriac Dobsons","cusgender":"Male","cusbirth":"21-OCT-95","cusphone":"6833560492","cusaddress":"48 Merrick Avenue"}
,{"cusid":"31","cusname":"Sandye Putt","cusgender":"Female","cusbirth":"19-JUL-91","cusphone":"8438783329","cusaddress":"59 Merry Circle"}
,{"cusid":"32","cusname":"Baird Hakonsson","cusgender":"Male","cusbirth":"21-JAN-96","cusphone":"8613563557","cusaddress":"4145 Sommers Court"}
,{"cusid":"33","cusname":"Duky Kibbel","cusgender":"Male","cusbirth":"19-DEC-98","cusphone":"8085162681","cusaddress":"0703 Russell Street"}
,{"cusid":"34","cusname":"Glynda Sawter","cusgender":"Female","cusbirth":"16-OCT-93","cusphone":"4246702318","cusaddress":"80152 Oak Way"}
,{"cusid":"35","cusname":"Ernest Domniney","cusgender":"Male","cusbirth":"15-JAN-93","cusphone":"4846063088","cusaddress":"90740 Everett Trail"}
,{"cusid":"36","cusname":"Culver Grenkov","cusgender":"Male","cusbirth":"11-MAR-96","cusphone":"2346378280","cusaddress":"8228 Merrick Pass"}
,{"cusid":"37","cusname":"Aron Standfield","cusgender":"Male","cusbirth":"20-FEB-98","cusphone":"2992277916","cusaddress":"0218 Longview Terrace"}
,{"cusid":"38","cusname":"Sibylle Shutle","cusgender":"Female","cusbirth":"03-JAN-00","cusphone":"9511285450","cusaddress":"911 Rutledge Parkway"}
,{"cusid":"39","cusname":"Hobard Paolo","cusgender":"Male","cusbirth":"04-NOV-96","cusphone":"5498379145","cusaddress":"63788 Armistice Alley"}
,{"cusid":"40","cusname":"Jonathan Galvan","cusgender":"Male","cusbirth":"26-FEB-95","cusphone":"9211386857","cusaddress":"88 Anzinger Terrace"}
,{"cusid":"41","cusname":"Wileen Carnall","cusgender":"Female","cusbirth":"15-JAN-93","cusphone":"6176976445","cusaddress":"40908 Pepper Wood Point"}
,{"cusid":"42","cusname":"Annadiane Mamwell","cusgender":"Female","cusbirth":"17-SEP-96","cusphone":"2633713993","cusaddress":"189 Dottie Junction"}
,{"cusid":"43","cusname":"Elias Lefridge","cusgender":"Male","cusbirth":"10-OCT-92","cusphone":"9915280214","cusaddress":"90336 Northland Terrace"}
,{"cusid":"44","cusname":"Penrod Coursor","cusgender":"Male","cusbirth":"06-JUN-98","cusphone":"9265214895","cusaddress":"4 Pepper Wood Lane"}
,{"cusid":"45","cusname":"Winna Keer","cusgender":"Female","cusbirth":"25-DEC-99","cusphone":"9464671266","cusaddress":"97006 Butterfield Park"}
,{"cusid":"46","cusname":"Hadrian Sommerly","cusgender":"Male","cusbirth":"04-OCT-91","cusphone":"7324443114","cusaddress":"2 Ronald Regan Avenue"}
,{"cusid":"47","cusname":"Ariela MacDermid","cusgender":"Female","cusbirth":"17-MAR-99","cusphone":"6857766923","cusaddress":"8585 Morrow Avenue"}
,{"cusid":"48","cusname":"Rusty Vallerine","cusgender":"Male","cusbirth":"02-SEP-91","cusphone":"8832490515","cusaddress":"3 Ridgeway Point"}
,{"cusid":"49","cusname":"Al Philbrick","cusgender":"Male","cusbirth":"02-DEC-98","cusphone":"5626860146","cusaddress":"31 Magdeline Crossing"}
,{"cusid":"50","cusname":"Felisha Cavie","cusgender":"Female","cusbirth":"05-JUN-99","cusphone":"7686838019","cusaddress":"2 Fairfield Center"}
,{"cusid":"51","cusname":"Darby Chetham","cusgender":"Male","cusbirth":"30-MAY-99","cusphone":"3956901414","cusaddress":"6 Starling Crossing"}
,{"cusid":"52","cusname":"Edita Atley","cusgender":"Female","cusbirth":"15-OCT-98","cusphone":"8192862798","cusaddress":"7492 Mendota Pass"}
,{"cusid":"53","cusname":"Benjamin Caine","cusgender":"Male","cusbirth":"24-APR-94","cusphone":"2766021787","cusaddress":"433 Daystar Way"}
,{"cusid":"54","cusname":"Alvan Sill","cusgender":"Male","cusbirth":"12-APR-91","cusphone":"1543085897","cusaddress":"18531 Porter Circle"}
,{"cusid":"55","cusname":"Isacco Brownsill","cusgender":"Male","cusbirth":"03-OCT-92","cusphone":"7487074891","cusaddress":"14 Blaine Parkway"}
,{"cusid":"56","cusname":"Terra Neem","cusgender":"Female","cusbirth":"29-SEP-95","cusphone":"7105227008","cusaddress":"73 Nancy Terrace"}
,{"cusid":"57","cusname":"Jillie Borborough","cusgender":"Female","cusbirth":"28-DEC-97","cusphone":"2897748376","cusaddress":"1 Texas Court"}
,{"cusid":"58","cusname":"Dalenna Osgordby","cusgender":"Female","cusbirth":"03-MAY-01","cusphone":"7973774021","cusaddress":"132 Graedel Place"}
,{"cusid":"59","cusname":"Yvon McKeon","cusgender":"Male","cusbirth":"13-JUN-01","cusphone":"2428046151","cusaddress":"8999 Lyons Parkway"}
,{"cusid":"60","cusname":"Reginauld Benoist","cusgender":"Male","cusbirth":"26-FEB-91","cusphone":"9679916617","cusaddress":"68902 Crowley Circle"}
,{"cusid":"61","cusname":"Marissa Hedworth","cusgender":"Female","cusbirth":"22-DEC-90","cusphone":"2287199211","cusaddress":"1150 Swallow Avenue"}
,{"cusid":"62","cusname":"Alleyn Robers","cusgender":"Male","cusbirth":"05-APR-97","cusphone":"7114432937","cusaddress":"99504 Heffernan Terrace"}
,{"cusid":"63","cusname":"Myrna Calley","cusgender":"Female","cusbirth":"17-OCT-95","cusphone":"4048367054","cusaddress":"08749 Green Ridge Crossing"}
,{"cusid":"64","cusname":"Nickolaus Gozzard","cusgender":"Male","cusbirth":"19-SEP-00","cusphone":"4289861256","cusaddress":"1849 Autumn Leaf Avenue"}
,{"cusid":"65","cusname":"Valeda Boshere","cusgender":"Female","cusbirth":"10-APR-00","cusphone":"9298848437","cusaddress":"45 Fair Oaks Point"}
,{"cusid":"66","cusname":"Alberto Fardoe","cusgender":"Male","cusbirth":"12-AUG-99","cusphone":"4238075132","cusaddress":"4181 Welch Alley"}
,{"cusid":"67","cusname":"Mel Gonzalo","cusgender":"Male","cusbirth":"09-FEB-94","cusphone":"5411813868","cusaddress":"033 Ramsey Parkway"}
,{"cusid":"68","cusname":"Faber Assel","cusgender":"Male","cusbirth":"10-JAN-94","cusphone":"5547652609","cusaddress":"9 Old Shore Avenue"}
,{"cusid":"69","cusname":"Joey Drews","cusgender":"Male","cusbirth":"05-NOV-93","cusphone":"9822960078","cusaddress":"746 Fulton Parkway"}
,{"cusid":"70","cusname":"Chalmers O'Murtagh","cusgender":"Male","cusbirth":"04-JUL-92","cusphone":"7945888956","cusaddress":"1089 Pennsylvania Parkway"}
,{"cusid":"71","cusname":"Matthew MacColl","cusgender":"Male","cusbirth":"27-MAY-96","cusphone":"7385282667","cusaddress":"67 Westerfield Lane"}
,{"cusid":"72","cusname":"Homer Beckingham","cusgender":"Male","cusbirth":"25-APR-96","cusphone":"8484139469","cusaddress":"25072 Waubesa Avenue"}
,{"cusid":"73","cusname":"Leora Tattersall","cusgender":"Female","cusbirth":"03-NOV-95","cusphone":"2544538317","cusaddress":"54 Eastlawn Pass"}
,{"cusid":"74","cusname":"Dreddy Targetter","cusgender":"Female","cusbirth":"12-AUG-98","cusphone":"6193211134","cusaddress":"4637 Kedzie Court"}
,{"cusid":"75","cusname":"Meade Bonsall","cusgender":"Female","cusbirth":"14-NOV-98","cusphone":"3722102827","cusaddress":"95898 Warbler Trail"}
,{"cusid":"76","cusname":"Delila McCafferky","cusgender":"Female","cusbirth":"11-JAN-95","cusphone":"6494788080","cusaddress":"4393 Anderson Circle"}
,{"cusid":"77","cusname":"Bird Cardenas","cusgender":"Female","cusbirth":"11-SEP-96","cusphone":"9322132142","cusaddress":"09 South Center"}
,{"cusid":"78","cusname":"Cyril Turmell","cusgender":"Male","cusbirth":"04-DEC-97","cusphone":"9643115236","cusaddress":"331 Rieder Hill"}
,{"cusid":"79","cusname":"Jazmin Scarff","cusgender":"Female","cusbirth":"13-MAR-98","cusphone":"9444219630","cusaddress":"8 Brentwood Crossing"}
,{"cusid":"80","cusname":"Wilhelmina Oventon","cusgender":"Female","cusbirth":"26-SEP-93","cusphone":"7304714691","cusaddress":"393 Hagan Trail"}
,{"cusid":"81","cusname":"Damian Sokell","cusgender":"Male","cusbirth":"06-FEB-98","cusphone":"5241030761","cusaddress":"6719 Maywood Terrace"}
,{"cusid":"82","cusname":"Domingo Keese","cusgender":"Male","cusbirth":"21-JAN-91","cusphone":"5533290008","cusaddress":"0 Badeau Plaza"}
,{"cusid":"83","cusname":"Antony Birdis","cusgender":"Male","cusbirth":"26-DEC-92","cusphone":"2545409975","cusaddress":"349 Laurel Pass"}
,{"cusid":"84","cusname":"Ciel Whellans","cusgender":"Female","cusbirth":"10-APR-01","cusphone":"6229838153","cusaddress":"07915 Pleasure Plaza"}
,{"cusid":"85","cusname":"Guenna Willerton","cusgender":"Female","cusbirth":"22-JAN-93","cusphone":"2785688657","cusaddress":"66 Hanson Pass"}
,{"cusid":"86","cusname":"Anastasia Heyworth","cusgender":"Female","cusbirth":"17-JUN-93","cusphone":"6406382851","cusaddress":"66441 Rockefeller Junction"}
,{"cusid":"87","cusname":"Winn Corless","cusgender":"Male","cusbirth":"16-OCT-96","cusphone":"4308815630","cusaddress":"4109 Northland Street"}
,{"cusid":"88","cusname":"Nealon Parchment","cusgender":"Male","cusbirth":"28-FEB-91","cusphone":"5403170274","cusaddress":"59055 Briar Crest Road"}
,{"cusid":"89","cusname":"Domenico Gobeaux","cusgender":"Male","cusbirth":"14-FEB-99","cusphone":"5062573759","cusaddress":"3573 Grayhawk Pass"}
,{"cusid":"90","cusname":"Gaven Halwill","cusgender":"Male","cusbirth":"04-JUN-93","cusphone":"2457901611","cusaddress":"94519 Calypso Drive"}
,{"cusid":"91","cusname":"Herbie Goucher","cusgender":"Male","cusbirth":"04-FEB-95","cusphone":"3285963638","cusaddress":"72 Butterfield Alley"}
,{"cusid":"92","cusname":"Lancelot Riddiough","cusgender":"Male","cusbirth":"16-FEB-99","cusphone":"7362895873","cusaddress":"341 Montana Point"}
,{"cusid":"93","cusname":"Julio Aloigi","cusgender":"Male","cusbirth":"26-JAN-95","cusphone":"2534086416","cusaddress":"0544 Arrowood Terrace"}
,{"cusid":"94","cusname":"Holly-anne Bewsy","cusgender":"Female","cusbirth":"21-APR-91","cusphone":"5261741901","cusaddress":"4 Spaight Plaza"}
,{"cusid":"95","cusname":"Rooney Noddles","cusgender":"Male","cusbirth":"10-MAR-00","cusphone":"2567323401","cusaddress":"9092 Mcguire Avenue"}
,{"cusid":"96","cusname":"Lisa Claringbold","cusgender":"Female","cusbirth":"11-OCT-00","cusphone":"3125525518","cusaddress":"535 Moose Point"}
,{"cusid":"97","cusname":"Dolorita Ace","cusgender":"Female","cusbirth":"08-NOV-94","cusphone":"9147202959","cusaddress":"2 Memorial Crossing"}
,{"cusid":"98","cusname":"Nestor Necrews","cusgender":"Male","cusbirth":"12-SEP-99","cusphone":"5403259556","cusaddress":"43 Maple Wood Pass"}
,{"cusid":"99","cusname":"Salomone Dudley","cusgender":"Male","cusbirth":"03-MAY-93","cusphone":"1159080298","cusaddress":"983 Messerschmidt Plaza"}
,{"cusid":"100","cusname":"Alvinia Calleja","cusgender":"Female","cusbirth":"15-MAR-00","cusphone":"2076897726","cusaddress":"8182 Express Park"}
]}]}