{"results":[{"columns":[{"name":"EMPID","type":"VARCHAR2"},{"name":"OFFICEID","type":"VARCHAR2"},{"name":"EMPNAME","type":"VARCHAR2"},{"name":"EMPGENDER","type":"VARCHAR2"},{"name":"EMPBIRTH","type":"DATE"},{"name":"EMPADDRESS","type":"VARCHAR2"},{"name":"EMPPHONE","type":"VARCHAR2"},{"name":"EMPSALARY","type":"NUMBER"}],"items":
[
{"empid":"1","officeid":"1","empname":"Anita Jacomb","empgender":"Female","empbirth":"06-JUN-05","empaddress":"350 Buell Circle","empphone":"9378061121","empsalary":1730}
,{"empid":"2","officeid":"2","empname":"Julita Culter","empgender":"Female","empbirth":"04-FEB-03","empaddress":"2 Katie Avenue","empphone":"5046123563","empsalary":1400}
,{"empid":"3","officeid":"2","empname":"Helenka Dightham","empgender":"Female","empbirth":"11-APR-02","empaddress":"443 Anhalt Park","empphone":"9805885367","empsalary":1680}
,{"empid":"4","officeid":"1","empname":"Taddeo MacKenny","empgender":"Male","empbirth":"27-NOV-03","empaddress":"71064 Eliot Point","empphone":"8431092484","empsalary":1190}
,{"empid":"5","officeid":"2","empname":"Suellen Romke","empgender":"Female","empbirth":"03-AUG-00","empaddress":"67 Center Terrace","empphone":"3542337060","empsalary":1890}
,{"empid":"6","officeid":"2","empname":"Selinda Screen","empgender":"Female","empbirth":"08-JUL-02","empaddress":"0 Montana Trail","empphone":"6918755371","empsalary":1490}
,{"empid":"7","officeid":"2","empname":"Baird Asker","empgender":"Male","empbirth":"02-APR-04","empaddress":"1 Corry Alley","empphone":"4536318323","empsalary":1680}
,{"empid":"8","officeid":"1","empname":"Trixie Brittles","empgender":"Female","empbirth":"10-FEB-02","empaddress":"78920 Becker Lane","empphone":"1592216696","empsalary":1480}
,{"empid":"9","officeid":"2","empname":"Herby Ruffle","empgender":"Male","empbirth":"20-JUL-00","empaddress":"6 Hoard Avenue","empphone":"4682914976","empsalary":1650}
,{"empid":"10","officeid":"1","empname":"Clemens Petrasch","empgender":"Male","empbirth":"12-SEP-05","empaddress":"9 John Wall Avenue","empphone":"3638097985","empsalary":1430}
,{"empid":"11","officeid":"1","empname":"Florinda Zambon","empgender":"Female","empbirth":"14-APR-00","empaddress":"4 Schmedeman Point","empphone":"1576527387","empsalary":890}
,{"empid":"12","officeid":"2","empname":"Marcelo Toon","empgender":"Male","empbirth":"25-JUL-01","empaddress":"3710 Melrose Drive","empphone":"3806184984","empsalary":930}
,{"empid":"13","officeid":"1","empname":"Dyna Pyffe","empgender":"Female","empbirth":"02-JUN-05","empaddress":"87 Katie Parkway","empphone":"3553440029","empsalary":810}
,{"empid":"14","officeid":"2","empname":"Cooper Bowart","empgender":"Male","empbirth":"26-OCT-02","empaddress":"64 Monument Drive","empphone":"9094622260","empsalary":840}
,{"empid":"15","officeid":"2","empname":"Barthel Sellens","empgender":"Male","empbirth":"20-SEP-02","empaddress":"1420 Evergreen Plaza","empphone":"4119172038","empsalary":1490}
,{"empid":"16","officeid":"1","empname":"Krishna Ashwell","empgender":"Male","empbirth":"03-JUL-04","empaddress":"281 Raven Avenue","empphone":"4934713338","empsalary":1870}
,{"empid":"17","officeid":"1","empname":"Staci Labrom","empgender":"Female","empbirth":"21-MAR-05","empaddress":"5336 Upham Alley","empphone":"7472621868","empsalary":530}
,{"empid":"18","officeid":"1","empname":"Kevina Commander","empgender":"Female","empbirth":"24-SEP-05","empaddress":"937 Hallows Parkway","empphone":"4074364036","empsalary":940}
,{"empid":"19","officeid":"2","empname":"Shir Berge","empgender":"Female","empbirth":"10-MAR-00","empaddress":"29910 Dixon Avenue","empphone":"3803097092","empsalary":1180}
,{"empid":"20","officeid":"1","empname":"Petey Ginner","empgender":"Male","empbirth":"06-MAR-02","empaddress":"505 Starling Parkway","empphone":"1811968833","empsalary":1580}
,{"empid":"21","officeid":"1","empname":"Gerick Figure","empgender":"Male","empbirth":"04-JUN-00","empaddress":"219 Sullivan Drive","empphone":"5277163193","empsalary":790}
,{"empid":"22","officeid":"2","empname":"Cthrine Dimbleby","empgender":"Female","empbirth":"25-JUN-01","empaddress":"316 Sugar Alley","empphone":"1374972346","empsalary":1560}
,{"empid":"23","officeid":"1","empname":"Ludovika Mars","empgender":"Female","empbirth":"16-NOV-02","empaddress":"12767 Holmberg Place","empphone":"7006525664","empsalary":1690}
,{"empid":"24","officeid":"2","empname":"Arleyne Mullis","empgender":"Female","empbirth":"03-SEP-01","empaddress":"2648 Shasta Pass","empphone":"9007648552","empsalary":1050}
,{"empid":"25","officeid":"2","empname":"Wylie Hindmore","empgender":"Male","empbirth":"26-JUL-03","empaddress":"43460 Old Shore Pass","empphone":"5184067517","empsalary":1440}
,{"empid":"26","officeid":"1","empname":"Elisha Brignall","empgender":"Female","empbirth":"11-MAR-03","empaddress":"516 Manley Junction","empphone":"9933042209","empsalary":1270}
,{"empid":"27","officeid":"1","empname":"Ammamaria Koche","empgender":"Female","empbirth":"24-AUG-01","empaddress":"461 Hanson Drive","empphone":"5811918475","empsalary":650}
,{"empid":"28","officeid":"1","empname":"Crysta Roussell","empgender":"Female","empbirth":"30-NOV-03","empaddress":"17606 Knutson Parkway","empphone":"8062065809","empsalary":960}
,{"empid":"29","officeid":"2","empname":"Hamlin Siddeley","empgender":"Male","empbirth":"14-MAY-00","empaddress":"4957 Vernon Park","empphone":"6448862693","empsalary":920}
,{"empid":"30","officeid":"2","empname":"Iain Allen","empgender":"Male","empbirth":"09-NOV-03","empaddress":"36720 Prairie Rose Plaza","empphone":"6829878232","empsalary":1280}
,{"empid":"31","officeid":"1","empname":"Anatollo Stear","empgender":"Male","empbirth":"23-JUN-04","empaddress":"9648 Linden Lane","empphone":"6519824928","empsalary":1080}
,{"empid":"32","officeid":"2","empname":"Wendie Beveridge","empgender":"Female","empbirth":"12-MAR-03","empaddress":"7830 Artisan Street","empphone":"6673546380","empsalary":1460}
,{"empid":"33","officeid":"1","empname":"Lesya Waryk","empgender":"Female","empbirth":"11-FEB-04","empaddress":"9 Village Green Pass","empphone":"7876339428","empsalary":690}
,{"empid":"34","officeid":"2","empname":"Dew Cleeves","empgender":"Male","empbirth":"22-NOV-02","empaddress":"0 Kingsford Street","empphone":"2348077838","empsalary":1720}
,{"empid":"35","officeid":"2","empname":"Garth Gatenby","empgender":"Male","empbirth":"03-MAY-00","empaddress":"7522 Comanche Park","empphone":"4034434366","empsalary":610}
,{"empid":"36","officeid":"1","empname":"Debi Aynscombe","empgender":"Female","empbirth":"09-JUN-00","empaddress":"5122 Loomis Plaza","empphone":"6159068915","empsalary":550}
,{"empid":"37","officeid":"2","empname":"Jarid Wace","empgender":"Male","empbirth":"15-DEC-99","empaddress":"9 Westend Trail","empphone":"6337897288","empsalary":820}
,{"empid":"38","officeid":"2","empname":"Maisey Breed","empgender":"Female","empbirth":"22-JUL-05","empaddress":"5 Ridgeway Alley","empphone":"8461034560","empsalary":540}
,{"empid":"39","officeid":"1","empname":"Red Domotor","empgender":"Male","empbirth":"26-MAR-04","empaddress":"46831 Bultman Court","empphone":"6802597175","empsalary":1500}
,{"empid":"40","officeid":"1","empname":"Gardner Brundell","empgender":"Male","empbirth":"22-JUN-05","empaddress":"7 Lindbergh Junction","empphone":"9543409608","empsalary":940}
]}]}