{"results":[{"columns":[{"name":"PAYMENTID","type":"VARCHAR2"},{"name":"CUSID","type":"VARCHAR2"},{"name":"PAYMENTDATE","type":"DATE"},{"name":"TOTALPRICE","type":"NUMBER"}],"items":
[
{"paymentid":"1","cusid":"32","paymentdate":"28-OCT-14","totalprice":92200}
,{"paymentid":"2","cusid":"9","paymentdate":"24-JAN-21","totalprice":409500}
,{"paymentid":"3","cusid":"7","paymentdate":"01-JUL-18"}
,{"paymentid":"4","cusid":"40","paymentdate":"20-DEC-16","totalprice":268800}
,{"paymentid":"5","cusid":"5","paymentdate":"06-APR-20"}
,{"paymentid":"6","cusid":"30","paymentdate":"10-DEC-10"}
,{"paymentid":"7","cusid":"28","paymentdate":"03-NOV-12","totalprice":270600}
,{"paymentid":"8","cusid":"42","paymentdate":"13-AUG-17"}
,{"paymentid":"9","cusid":"95","paymentdate":"13-AUG-19","totalprice":55000}
,{"paymentid":"10","cusid":"89","paymentdate":"29-MAY-21","totalprice":124000}
,{"paymentid":"11","cusid":"47","paymentdate":"31-DEC-15"}
,{"paymentid":"12","cusid":"81","paymentdate":"04-APR-12","totalprice":312300}
,{"paymentid":"13","cusid":"16","paymentdate":"06-OCT-20","totalprice":197500}
,{"paymentid":"14","cusid":"79","paymentdate":"11-AUG-12","totalprice":135600}
,{"paymentid":"15","cusid":"53","paymentdate":"27-APR-18","totalprice":129300}
,{"paymentid":"16","cusid":"32","paymentdate":"08-JAN-14","totalprice":282000}
,{"paymentid":"17","cusid":"6","paymentdate":"05-AUG-16","totalprice":99000}
,{"paymentid":"18","cusid":"39","paymentdate":"17-MAY-20"}
,{"paymentid":"19","cusid":"62","paymentdate":"01-APR-13","totalprice":110000}
,{"paymentid":"20","cusid":"65","paymentdate":"25-SEP-21","totalprice":206200}
,{"paymentid":"21","cusid":"45","paymentdate":"26-JAN-11"}
,{"paymentid":"22","cusid":"7","paymentdate":"22-NOV-19"}
,{"paymentid":"23","cusid":"71","paymentdate":"12-APR-16","totalprice":387400}
,{"paymentid":"24","cusid":"41","paymentdate":"05-JUL-15","totalprice":146200}
,{"paymentid":"25","cusid":"53","paymentdate":"12-JAN-15"}
,{"paymentid":"26","cusid":"58","paymentdate":"08-JUL-22","totalprice":454900}
,{"paymentid":"27","cusid":"83","paymentdate":"18-SEP-13","totalprice":234000}
,{"paymentid":"28","cusid":"21","paymentdate":"24-JUL-20","totalprice":49500}
,{"paymentid":"29","cusid":"65","paymentdate":"08-SEP-20","totalprice":67800}
,{"paymentid":"30","cusid":"9","paymentdate":"26-OCT-16","totalprice":135100}
,{"paymentid":"31","cusid":"90","paymentdate":"04-SEP-19","totalprice":33900}
,{"paymentid":"32","cusid":"56","paymentdate":"25-MAR-18"}
,{"paymentid":"33","cusid":"93","paymentdate":"06-MAR-16","totalprice":73300}
,{"paymentid":"34","cusid":"77","paymentdate":"25-AUG-16","totalprice":173400}
,{"paymentid":"35","cusid":"32","paymentdate":"13-SEP-11","totalprice":126800}
,{"paymentid":"36","cusid":"21","paymentdate":"21-MAR-12"}
,{"paymentid":"37","cusid":"22","paymentdate":"13-SEP-22"}
,{"paymentid":"38","cusid":"44","paymentdate":"28-APR-16","totalprice":134700}
,{"paymentid":"39","cusid":"24","paymentdate":"22-APR-20","totalprice":83100}
,{"paymentid":"40","cusid":"78","paymentdate":"21-AUG-15"}
,{"paymentid":"41","cusid":"46","paymentdate":"26-APR-11"}
,{"paymentid":"42","cusid":"77","paymentdate":"07-JAN-22","totalprice":123400}
,{"paymentid":"43","cusid":"82","paymentdate":"15-MAY-22"}
,{"paymentid":"44","cusid":"60","paymentdate":"26-JUN-17","totalprice":128600}
,{"paymentid":"45","cusid":"91","paymentdate":"21-JUL-17","totalprice":197300}
,{"paymentid":"46","cusid":"85","paymentdate":"29-MAY-21","totalprice":46400}
,{"paymentid":"47","cusid":"7","paymentdate":"07-APR-15","totalprice":142600}
,{"paymentid":"48","cusid":"70","paymentdate":"15-APR-19","totalprice":268800}
,{"paymentid":"49","cusid":"82","paymentdate":"09-JUL-20","totalprice":354000}
,{"paymentid":"50","cusid":"17","paymentdate":"17-SEP-16","totalprice":127500}
,{"paymentid":"51","cusid":"83","paymentdate":"09-APR-21","totalprice":70400}
,{"paymentid":"52","cusid":"88","paymentdate":"09-MAR-20","totalprice":351400}
,{"paymentid":"53","cusid":"94","paymentdate":"27-MAY-11","totalprice":69500}
,{"paymentid":"54","cusid":"17","paymentdate":"16-JUL-12","totalprice":516100}
,{"paymentid":"55","cusid":"46","paymentdate":"28-JUN-15","totalprice":171200}
,{"paymentid":"56","cusid":"14","paymentdate":"23-SEP-21","totalprice":92800}
,{"paymentid":"57","cusid":"29","paymentdate":"09-FEB-20","totalprice":197100}
,{"paymentid":"58","cusid":"56","paymentdate":"15-JUN-13"}
,{"paymentid":"59","cusid":"34","paymentdate":"07-MAR-13"}
,{"paymentid":"60","cusid":"82","paymentdate":"27-JUL-13","totalprice":358400}
,{"paymentid":"61","cusid":"46","paymentdate":"09-MAR-12","totalprice":48100}
,{"paymentid":"62","cusid":"69","paymentdate":"06-DEC-16","totalprice":410500}
,{"paymentid":"63","cusid":"82","paymentdate":"23-JAN-19","totalprice":137500}
,{"paymentid":"64","cusid":"29","paymentdate":"02-JUL-12","totalprice":109500}
,{"paymentid":"65","cusid":"79","paymentdate":"01-FEB-13"}
,{"paymentid":"66","cusid":"26","paymentdate":"10-JUN-13","totalprice":49200}
,{"paymentid":"67","cusid":"25","paymentdate":"31-JAN-22","totalprice":81400}
,{"paymentid":"68","cusid":"41","paymentdate":"07-MAR-11"}
,{"paymentid":"69","cusid":"86","paymentdate":"12-SEP-14"}
,{"paymentid":"70","cusid":"44","paymentdate":"22-SEP-17","totalprice":210400}
,{"paymentid":"71","cusid":"30","paymentdate":"29-MAR-21"}
,{"paymentid":"72","cusid":"68","paymentdate":"23-SEP-22"}
,{"paymentid":"73","cusid":"43","paymentdate":"27-OCT-21","totalprice":84300}
,{"paymentid":"74","cusid":"68","paymentdate":"19-NOV-20","totalprice":340000}
,{"paymentid":"75","cusid":"14","paymentdate":"11-MAR-11","totalprice":114900}
,{"paymentid":"76","cusid":"79","paymentdate":"13-FEB-17","totalprice":187200}
,{"paymentid":"77","cusid":"31","paymentdate":"16-FEB-11","totalprice":160000}
,{"paymentid":"78","cusid":"87","paymentdate":"13-OCT-13","totalprice":160000}
,{"paymentid":"79","cusid":"90","paymentdate":"19-SEP-17","totalprice":170400}
,{"paymentid":"80","cusid":"56","paymentdate":"13-AUG-11"}
,{"paymentid":"81","cusid":"88","paymentdate":"10-JUN-11","totalprice":339000}
,{"paymentid":"82","cusid":"91","paymentdate":"04-JUL-14","totalprice":35200}
,{"paymentid":"83","cusid":"44","paymentdate":"12-JAN-13","totalprice":122400}
,{"paymentid":"84","cusid":"89","paymentdate":"29-AUG-11","totalprice":98400}
,{"paymentid":"85","cusid":"51","paymentdate":"18-OCT-18"}
,{"paymentid":"86","cusid":"77","paymentdate":"23-APR-20","totalprice":36300}
,{"paymentid":"87","cusid":"63","paymentdate":"21-SEP-16","totalprice":225000}
,{"paymentid":"88","cusid":"91","paymentdate":"11-DEC-15","totalprice":123600}
,{"paymentid":"89","cusid":"68","paymentdate":"14-OCT-16","totalprice":228700}
,{"paymentid":"90","cusid":"66","paymentdate":"11-APR-15","totalprice":126700}
,{"paymentid":"91","cusid":"71","paymentdate":"04-NOV-19","totalprice":255200}
,{"paymentid":"92","cusid":"88","paymentdate":"15-OCT-15","totalprice":61500}
,{"paymentid":"93","cusid":"7","paymentdate":"30-SEP-20","totalprice":213200}
,{"paymentid":"94","cusid":"81","paymentdate":"08-AUG-11","totalprice":235100}
,{"paymentid":"95","cusid":"94","paymentdate":"08-JUN-12"}
,{"paymentid":"96","cusid":"28","paymentdate":"15-JUN-16","totalprice":98000}
,{"paymentid":"97","cusid":"12","paymentdate":"29-APR-16","totalprice":452000}
,{"paymentid":"98","cusid":"10","paymentdate":"12-JUN-16","totalprice":192500}
,{"paymentid":"99","cusid":"64","paymentdate":"13-MAR-15","totalprice":222600}
,{"paymentid":"100","cusid":"49","paymentdate":"14-JUN-18","totalprice":228600}
]}]}