{"results":[{"columns":[{"name":"PAYMENTID","type":"VARCHAR2"},{"name":"CARID","type":"VARCHAR2"},{"name":"EXPORTQUANTITY","type":"NUMBER"},{"name":"PRICEDETAIL","type":"NUMBER"}],"items":
[
{"paymentid":"20","carid":"18","exportquantity":3,"pricedetail":105900}
,{"paymentid":"12","carid":"10","exportquantity":1,"pricedetail":38300}
,{"paymentid":"2","carid":"7","exportquantity":5,"pricedetail":73500}
,{"paymentid":"62","carid":"11","exportquantity":3,"pricedetail":101700}
,{"paymentid":"83","carid":"27","exportquantity":3,"pricedetail":80700}
,{"paymentid":"23","carid":"24","exportquantity":3,"pricedetail":102000}
,{"paymentid":"16","carid":"29","exportquantity":4,"pricedetail":110000}
,{"paymentid":"48","carid":"16","exportquantity":4,"pricedetail":140800}
,{"paymentid":"51","carid":"16","exportquantity":2,"pricedetail":70400}
,{"paymentid":"20","carid":"27","exportquantity":2,"pricedetail":53800}
,{"paymentid":"97","carid":"28","exportquantity":5,"pricedetail":234000}
,{"paymentid":"4","carid":"20","exportquantity":1,"pricedetail":44800}
,{"paymentid":"10","carid":"5","exportquantity":4,"pricedetail":124000}
,{"paymentid":"52","carid":"22","exportquantity":5,"pricedetail":194000}
,{"paymentid":"7","carid":"22","exportquantity":1,"pricedetail":38800}
,{"paymentid":"67","carid":"8","exportquantity":1,"pricedetail":43100}
,{"paymentid":"93","carid":"22","exportquantity":1,"pricedetail":38800}
,{"paymentid":"45","carid":"30","exportquantity":1,"pricedetail":23200}
,{"paymentid":"20","carid":"23","exportquantity":2,"pricedetail":27800}
,{"paymentid":"93","carid":"2","exportquantity":4,"pricedetail":174400}
,{"paymentid":"79","carid":"4","exportquantity":2,"pricedetail":93600}
,{"paymentid":"54","carid":"15","exportquantity":5,"pricedetail":240500}
,{"paymentid":"2","carid":"17","exportquantity":4,"pricedetail":48400}
,{"paymentid":"26","carid":"18","exportquantity":3,"pricedetail":105900}
,{"paymentid":"100","carid":"7","exportquantity":1,"pricedetail":14700}
,{"paymentid":"24","carid":"10","exportquantity":1,"pricedetail":38300}
,{"paymentid":"54","carid":"16","exportquantity":3,"pricedetail":105600}
,{"paymentid":"57","carid":"27","exportquantity":3,"pricedetail":80700}
,{"paymentid":"64","carid":"23","exportquantity":3,"pricedetail":41700}
,{"paymentid":"15","carid":"8","exportquantity":3,"pricedetail":129300}
,{"paymentid":"38","carid":"30","exportquantity":5,"pricedetail":116000}
,{"paymentid":"7","carid":"16","exportquantity":3,"pricedetail":105600}
,{"paymentid":"62","carid":"11","exportquantity":3,"pricedetail":101700}
,{"paymentid":"39","carid":"23","exportquantity":4,"pricedetail":55600}
,{"paymentid":"97","carid":"2","exportquantity":5,"pricedetail":218000}
,{"paymentid":"31","carid":"11","exportquantity":1,"pricedetail":33900}
,{"paymentid":"81","carid":"26","exportquantity":2,"pricedetail":45000}
,{"paymentid":"49","carid":"13","exportquantity":5,"pricedetail":160000}
,{"paymentid":"17","carid":"12","exportquantity":5,"pricedetail":99000}
,{"paymentid":"33","carid":"23","exportquantity":1,"pricedetail":13900}
,{"paymentid":"77","carid":"13","exportquantity":5,"pricedetail":160000}
,{"paymentid":"34","carid":"12","exportquantity":1,"pricedetail":19800}
,{"paymentid":"100","carid":"1","exportquantity":3,"pricedetail":73500}
,{"paymentid":"16","carid":"6","exportquantity":5,"pricedetail":172000}
,{"paymentid":"79","carid":"19","exportquantity":3,"pricedetail":38400}
,{"paymentid":"2","carid":"8","exportquantity":4,"pricedetail":172400}
,{"paymentid":"12","carid":"16","exportquantity":5,"pricedetail":176000}
,{"paymentid":"4","carid":"27","exportquantity":4,"pricedetail":107600}
,{"paymentid":"38","carid":"3","exportquantity":1,"pricedetail":18700}
,{"paymentid":"30","carid":"29","exportquantity":1,"pricedetail":27500}
,{"paymentid":"66","carid":"25","exportquantity":1,"pricedetail":49200}
,{"paymentid":"26","carid":"12","exportquantity":5,"pricedetail":99000}
,{"paymentid":"55","carid":"30","exportquantity":1,"pricedetail":23200}
,{"paymentid":"13","carid":"1","exportquantity":2,"pricedetail":49000}
,{"paymentid":"56","carid":"14","exportquantity":4,"pricedetail":92800}
,{"paymentid":"44","carid":"9","exportquantity":4,"pricedetail":42500}
,{"paymentid":"88","carid":"24","exportquantity":1,"pricedetail":34000}
,{"paymentid":"73","carid":"1","exportquantity":2,"pricedetail":49000}
,{"paymentid":"20","carid":"3","exportquantity":1,"pricedetail":18700}
,{"paymentid":"74","carid":"9","exportquantity":4,"pricedetail":170000}
,{"paymentid":"78","carid":"13","exportquantity":5,"pricedetail":160000}
,{"paymentid":"9","carid":"29","exportquantity":2,"pricedetail":55000}
,{"paymentid":"57","carid":"22","exportquantity":3,"pricedetail":116400}
,{"paymentid":"24","carid":"1","exportquantity":3,"pricedetail":73500}
,{"paymentid":"61","carid":"15","exportquantity":1,"pricedetail":48100}
,{"paymentid":"52","carid":"11","exportquantity":2,"pricedetail":67800}
,{"paymentid":"89","carid":"17","exportquantity":3,"pricedetail":36300}
,{"paymentid":"84","carid":"25","exportquantity":2,"pricedetail":98400}
,{"paymentid":"7","carid":"18","exportquantity":2,"pricedetail":70600}
,{"paymentid":"45","carid":"20","exportquantity":1,"pricedetail":44800}
,{"paymentid":"99","carid":"6","exportquantity":4,"pricedetail":137600}
,{"paymentid":"74","carid":"24","exportquantity":5,"pricedetail":170000}
,{"paymentid":"29","carid":"11","exportquantity":2,"pricedetail":67800}
,{"paymentid":"88","carid":"20","exportquantity":2,"pricedetail":89600}
,{"paymentid":"70","carid":"11","exportquantity":4,"pricedetail":135600}
,{"paymentid":"39","carid":"29","exportquantity":1,"pricedetail":27500}
,{"paymentid":"28","carid":"21","exportquantity":1,"pricedetail":49500}
,{"paymentid":"82","carid":"16","exportquantity":1,"pricedetail":35200}
,{"paymentid":"47","carid":"15","exportquantity":2,"pricedetail":96200}
,{"paymentid":"87","carid":"5","exportquantity":1,"pricedetail":31000}
,{"paymentid":"98","carid":"12","exportquantity":5,"pricedetail":99000}
,{"paymentid":"64","carid":"11","exportquantity":2,"pricedetail":67800}
,{"paymentid":"45","carid":"8","exportquantity":3,"pricedetail":129300}
,{"paymentid":"13","carid":"21","exportquantity":3,"pricedetail":148500}
,{"paymentid":"92","carid":"17","exportquantity":1,"pricedetail":12100}
,{"paymentid":"26","carid":"9","exportquantity":3,"pricedetail":127500}
,{"paymentid":"44","carid":"9","exportquantity":1,"pricedetail":42500}
,{"paymentid":"35","carid":"23","exportquantity":2,"pricedetail":27800}
,{"paymentid":"100","carid":"4","exportquantity":3,"pricedetail":140400}
,{"paymentid":"63","carid":"29","exportquantity":5,"pricedetail":137500}
,{"paymentid":"81","carid":"10","exportquantity":4,"pricedetail":153200}
,{"paymentid":"94","carid":"19","exportquantity":5,"pricedetail":192000}
,{"paymentid":"98","carid":"3","exportquantity":5,"pricedetail":93500}
,{"paymentid":"60","carid":"16","exportquantity":5,"pricedetail":176000}
,{"paymentid":"48","carid":"13","exportquantity":4,"pricedetail":128000}
,{"paymentid":"14","carid":"17","exportquantity":4,"pricedetail":48400}
,{"paymentid":"90","carid":"11","exportquantity":1,"pricedetail":33900}
,{"paymentid":"30","carid":"27","exportquantity":4,"pricedetail":107600}
,{"paymentid":"81","carid":"16","exportquantity":4,"pricedetail":140800}
,{"paymentid":"23","carid":"5","exportquantity":3,"pricedetail":93000}
,{"paymentid":"70","carid":"3","exportquantity":4,"pricedetail":74800}
,{"paymentid":"60","carid":"14","exportquantity":2,"pricedetail":46400}
,{"paymentid":"60","carid":"24","exportquantity":4,"pricedetail":136000}
,{"paymentid":"86","carid":"17","exportquantity":3,"pricedetail":36300}
,{"paymentid":"53","carid":"23","exportquantity":5,"pricedetail":69500}
,{"paymentid":"62","carid":"23","exportquantity":5,"pricedetail":69500}
,{"paymentid":"49","carid":"22","exportquantity":5,"pricedetail":194000}
,{"paymentid":"79","carid":"19","exportquantity":1,"pricedetail":38400}
,{"paymentid":"35","carid":"21","exportquantity":2,"pricedetail":99000}
,{"paymentid":"94","carid":"8","exportquantity":1,"pricedetail":43100}
,{"paymentid":"24","carid":"6","exportquantity":1,"pricedetail":34400}
,{"paymentid":"62","carid":"6","exportquantity":4,"pricedetail":137600}
,{"paymentid":"92","carid":"26","exportquantity":1,"pricedetail":22500}
,{"paymentid":"67","carid":"10","exportquantity":1,"pricedetail":38300}
,{"paymentid":"73","carid":"18","exportquantity":1,"pricedetail":35300}
,{"paymentid":"14","carid":"2","exportquantity":2,"pricedetail":87200}
,{"paymentid":"83","carid":"23","exportquantity":3,"pricedetail":41700}
,{"paymentid":"33","carid":"12","exportquantity":3,"pricedetail":59400}
,{"paymentid":"76","carid":"4","exportquantity":4,"pricedetail":187200}
,{"paymentid":"52","carid":"20","exportquantity":2,"pricedetail":89600}
,{"paymentid":"4","carid":"22","exportquantity":3,"pricedetail":116400}
,{"paymentid":"75","carid":"10","exportquantity":3,"pricedetail":114900}
,{"paymentid":"54","carid":"9","exportquantity":4,"pricedetail":170000}
,{"paymentid":"12","carid":"1","exportquantity":4,"pricedetail":98000}
,{"paymentid":"91","carid":"23","exportquantity":5,"pricedetail":69500}
,{"paymentid":"91","carid":"29","exportquantity":3,"pricedetail":82500}
,{"paymentid":"1","carid":"3","exportquantity":1,"pricedetail":18700}
,{"paymentid":"42","carid":"11","exportquantity":2,"pricedetail":67800}
,{"paymentid":"19","carid":"29","exportquantity":4,"pricedetail":110000}
,{"paymentid":"55","carid":"1","exportquantity":2,"pricedetail":49000}
,{"paymentid":"50","carid":"9","exportquantity":3,"pricedetail":127500}
,{"paymentid":"44","carid":"2","exportquantity":1,"pricedetail":43600}
,{"paymentid":"27","carid":"4","exportquantity":5,"pricedetail":234000}
,{"paymentid":"92","carid":"27","exportquantity":1,"pricedetail":26900}
,{"paymentid":"26","carid":"1","exportquantity":5,"pricedetail":122500}
,{"paymentid":"55","carid":"12","exportquantity":5,"pricedetail":99000}
,{"paymentid":"89","carid":"15","exportquantity":4,"pricedetail":192400}
,{"paymentid":"90","carid":"14","exportquantity":4,"pricedetail":92800}
,{"paymentid":"87","carid":"22","exportquantity":5,"pricedetail":194000}
,{"paymentid":"2","carid":"19","exportquantity":3,"pricedetail":115200}
,{"paymentid":"1","carid":"7","exportquantity":5,"pricedetail":73500}
,{"paymentid":"7","carid":"23","exportquantity":4,"pricedetail":55600}
,{"paymentid":"91","carid":"6","exportquantity":3,"pricedetail":103200}
,{"paymentid":"46","carid":"30","exportquantity":2,"pricedetail":46400}
,{"paymentid":"23","carid":"15","exportquantity":4,"pricedetail":192400}
,{"paymentid":"99","carid":"9","exportquantity":2,"pricedetail":85000}
,{"paymentid":"34","carid":"19","exportquantity":4,"pricedetail":153600}
,{"paymentid":"96","carid":"1","exportquantity":4,"pricedetail":98000}
,{"paymentid":"42","carid":"23","exportquantity":4,"pricedetail":55600}
,{"paymentid":"47","carid":"30","exportquantity":2,"pricedetail":46400}
]}]}